{"K": 5, "V": 52, "alpha": [0.261724, 0.254984, 0.238543, 0.077267, 0.167482], "beta": [[0.100664, 0.138529, 0.031526, 0.036564, 0.037418, 0.051698, 0.010324, 0.045183, 0.011022, 0.005611, 0.058656, 0.081413, 0.007699, 0.034048, 0.043927, 0.062805, 0.03174, 0.006452, 0.012012, 0.007545, 0.015384, 0.003616, 0.007415, 0.032448, 0.006125, 0.003518, 0.023756, 0.034934, 0.028556, 0.004337, 0.003771, 0.001467, 0.005703, 0.002559, 0.001915, 0.001876, 0.002148, 0.000474, 0.004825, 1.2e-05, 1.4e-05, 1.2e-05, 0.00021, 1e-05, 1e-05, 1.1e-05, 1.1e-05, 1e-05, 9e-06, 9e-06, 1e-05, 9e-06], [0.035646, 0.019409, 0.021622, 0.095377, 0.039576, 0.057042, 0.083356, 0.047276, 0.025771, 0.005024, 0.007432, 0.004834, 0.077633, 0.022785, 0.024008, 0.008882, 0.039119, 0.060857, 0.018824, 0.014011, 0.04703, 0.013342, 0.025685, 0.022435, 0.005142, 0.008115, 0.030313, 0.006209, 0.004782, 0.008075, 0.036555, 0.009852, 0.006287, 0.023534, 0.017563, 0.013484, 0.005097, 0.001195, 0.006178, 1.4e-05, 1.3e-05, 1.3e-05, 0.000503, 1.1e-05, 1.3e-05, 1.1e-05, 1e-05, 1.2e-05, 1.1e-05, 1.1e-05, 1e-05, 9e-06], [0.071591, 0.020577, 0.114426, 0.014997, 0.055302, 0.016665, 0.022396, 0.016846, 0.068237, 0.09076, 0.033372, 0.007549, 0.003124, 0.024923, 0.011636, 0.004197, 0.007, 0.00585, 0.039173, 0.047181, 0.004774, 0.048824, 0.029782, 0.00666, 0.050305, 0.049404, 0.004223, 0.01423, 0.013894, 0.031891, 0.001827, 0.02375, 0.017989, 0.00154, 0.001697, 0.000905, 0.00864, 0.011494, 0.001867, 1.5e-05, 1.4e-05, 1.5e-05, 0.000358, 1.3e-05, 1.1e-05, 1.1e-05, 1.2e-05, 1.1e-05, 1.1e-05, 9e-06, 1.1e-05, 1.1e-05], [0.015984, 0.014276, 0.024514, 0.012801, 0.018428, 0.03691, 0.025405, 0.021029, 0.017697, 0.013958, 0.012773, 0.012104, 0.016834, 0.012565, 0.013255, 0.009924, 0.009897, 0.016535, 0.018478, 0.01109, 0.026101, 0.011831, 0.018583, 0.015526, 0.011371, 0.013995, 0.018062, 0.020065, 0.008043, 0.026641, 0.009673, 0.019582, 0.00755, 0.009522, 0.017253, 0.022896, 0.019323, 0.011243, 0.01128, 0.058001, 0.037917, 0.028485, 0.024022, 0.017802, 0.018685, 0.021967, 0.037348, 0.0443, 0.046678, 0.011086, 0.010229, 0.010488], [0.008691, 0.006291, 0.00525, 0.002207, 0.006272, 0.01294, 0.008424, 0.004171, 0.003195, 0.002789, 0.00217, 0.008094, 0.005751, 0.002175, 0.008011, 0.005656, 0.007098, 0.002914, 0.013876, 0.002685, 0.008225, 0.013185, 0.004037, 0.009833, 0.002376, 0.001644, 0.009107, 0.006373, 0.004842, 0.007683, 0.004313, 0.002191, 0.002279, 0.001619, 0.010863, 0.001889, 0.001686, 0.002343, 0.006455, 0.147366, 0.143155, 0.122843, 0.001084, 0.090838, 0.0618, 0.056369, 0.03699, 0.035814, 0.030547, 0.02437, 0.019508, 0.009716]]}