{"phenotypes": [{"id": 0, "label": "", "description": "", "quality": null, "npmi": null, "pair_coverage": 0.0, "corpus_prevalence": 0.0016029704961626476, "original_topic_id": 0, "theta_histogram": [0.99024, 0.006, 0.00199, 0.00076, 0.00044, null, null, null, null, null, null, 0.0, null, null, null, null, null, 0.0, 0.0, 0.0, 0.0, null, 0.0, 0.0, 0.0, 0.0, 0.0, 0.0, 0.0, 0.0, 0.0, 0.0, 0.0, 0.0, 0.0, 0.0, 0.0, 0.0, 0.0, 0.0, 0.0, 0.0, 0.0, 0.0, 0.0, 0.0, 0.0, 0.0, 0.0, 0.0], "theta_percentiles": {"p5": 0.00045996285657987074, "p25": 0.0006686368383719134, "p50": 0.0009464809359218603, "p75": 0.001434031035876111, "p95": 0.002645244431766192}}, {"id": 1, "label": "", "description": "", "quality": null, "npmi": null, "pair_coverage": 0.0, "corpus_prevalence": 0.0015305707226196666, "original_topic_id": 1, "theta_histogram": [0.99103, 0.00578, 0.00177, 0.00069, 0.00037, null, null, null, null, 0.0, null, null, null, 0.0, null, 0.0, 0.0, 0.0, 0.0, 0.0, 0.0, 0.0, 0.0, 0.0, 0.0, 0.0, 0.0, 0.0, 0.0, 0.0, 0.0, 0.0, 0.0, 0.0, 0.0, 0.0, 0.0, 0.0, 0.0, 0.0, 0.0, 0.0, 0.0, 0.0, 0.0, 0.0, 0.0, 0.0, 0.0, 0.0], "theta_percentiles": {"p5": 0.0004579062662594977, "p25": 0.0006656472229497781, "p50": 0.0009422490213153022, "p75": 0.001427619182602943, "p95": 0.0026334169895813105}}, {"id": 2, "label": "", "description": "", "quality": null, "npmi": null, "pair_coverage": 0.0, "corpus_prevalence": 0.001963333844691167, "original_topic_id": 2, "theta_histogram": [0.98361, 0.00987, 0.00326, 0.00126, 0.00095, 0.00042, 0.00028, null, null, null, null, 0.0, null, null, null, null, null, null, null, null, 0.0, 0.0, 0.0, null, 0.0, 0.0, 0.0, 0.0, 0.0, 0.0, 0.0, 0.0, 0.0, 0.0, 0.0, 0.0, 0.0, 0.0, 0.0, 0.0, 0.0, 0.0, 0.0, 0.0, 0.0, 0.0, 0.0, 0.0, 0.0, 0.0], "theta_percentiles": {"p5": 0.00047361585458550304, "p25": 0.0006884838701271803, "p50": 0.0009745751660225168, "p75": 0.0014765971313613268, "p95": 0.0027237627652243685}}, {"id": 3, "label": "", "description": "", "quality": null, "npmi": null, "pair_coverage": 0.0, "corpus_prevalence": 0.0014255119520194743, "original_topic_id": 3, "theta_histogram": [0.99327, 0.00434, 0.00132, 0.00043, 0.00035, null, null, null, null, null, null, null, null, 0.0, 0.0, 0.0, null, 0.0, null, 0.0, 0.0, null, 0.0, 0.0, 0.0, 0.0, 0.0, 0.0, 0.0, 0.0, 0.0, 0.0, 0.0, 0.0, 0.0, 0.0, 0.0, 0.0, 0.0, 0.0, 0.0, 0.0, 0.0, 0.0, 0.0, 0.0, 0.0, 0.0, 0.0, 0.0], "theta_percentiles": {"p5": 0.0004542402255491682, "p25": 0.0006603179885674108, "p50": 0.0009347052868745677, "p75": 0.0014161895289207117, "p95": 0.0023628675258295035}}, {"id": 4, "label": "", "description": "", "quality": null, "npmi": 0.09376609132320372, "pair_coverage": 0.7947368421052632, "corpus_prevalence": 0.0060879861640994, "original_topic_id": 4, "theta_histogram": [0.93135, 0.02438, 0.01645, 0.00967, 0.00605, 0.00397, 0.00262, 0.00159, 0.00103, 0.00069, 0.00062, 0.00028, 0.00033, 0.00028, null, null, null, null, null, null, null, null, null, null, 0.0, null, null, 0.0, 0.0, null, 0.0, 0.0, 0.0, 0.0, 0.0, 0.0, 0.0, 0.0, 0.0, 0.0, 0.0, 0.0, 0.0, 0.0, 0.0, 0.0, 0.0, 0.0, 0.0, 0.0], "theta_percentiles": {"p5": 0.0006099652408101773, "p25": 0.0009194901508754984, "p50": 0.00133279990121969, "p75": 0.0021080993290429903, "p95": 0.035401646902622076}}, {"id": 5, "label": "", "description": "", "quality": null, "npmi": null, "pair_coverage": 0.0, "corpus_prevalence": 0.0015850070944545835, "original_topic_id": 5, "theta_histogram": [0.9902, 0.00623, 0.00199, 0.00067, 0.00036, null, null, null, null, null, null, null, 0.0, null, 0.0, 0.0, null, 0.0, 0.0, 0.0, 0.0, 0.0, 0.0, null, 0.0, 0.0, 0.0, 0.0, 0.0, 0.0, 0.0, 0.0, 0.0, 0.0, 0.0, 0.0, 0.0, 0.0, 0.0, 0.0, 0.0, 0.0, 0.0, 0.0, 0.0, 0.0, 0.0, 0.0, 0.0, 0.0], "theta_percentiles": {"p5": 0.00046141244244476433, "p25": 0.0006707440661529957, "p50": 0.0009494637971822355, "p75": 0.0014385504249739213, "p95": 0.0026535809939094673}}, {"id": 6, "label": "", "description": "", "quality": null, "npmi": 0.035748207717739545, "pair_coverage": 1.0, "corpus_prevalence": 0.9122224536997301, "original_topic_id": 6, "theta_histogram": [0.0, 0.0, 0.0, 0.0, 0.0, 0.0, 0.0, 0.0, 0.0, 0.0, 0.0, 0.0, null, 0.0, null, null, null, null, null, null, 0.00023, 0.00036, 0.00041, 0.00063, 0.00074, 0.00109, 0.00142, 0.00189, 0.00224, 0.00298, 0.00406, 0.00468, 0.00557, 0.00663, 0.00798, 0.00963, 0.011, 0.0145, 0.01675, 0.01988, 0.02373, 0.02834, 0.03373, 0.04269, 0.05045, 0.05826, 0.09672, 0.16733, 0.2449, 0.14078], "theta_percentiles": {"p5": 0.7181893270427282, "p25": 0.883240449996753, "p50": 0.9484694149212856, "p75": 0.9724688928246841, "p95": 0.9857459185474285}}, {"id": 7, "label": "", "description": "", "quality": null, "npmi": null, "pair_coverage": 0.0, "corpus_prevalence": 0.0015044523404803124, "original_topic_id": 7, "theta_histogram": [0.99149, 0.00538, 0.00181, 0.00057, 0.00036, null, null, null, null, null, null, null, null, 0.0, 0.0, 0.0, 0.0, null, 0.0, 0.0, 0.0, 0.0, 0.0, 0.0, 0.0, 0.0, 0.0, 0.0, 0.0, 0.0, 0.0, 0.0, 0.0, 0.0, 0.0, 0.0, 0.0, 0.0, 0.0, 0.0, 0.0, 0.0, 0.0, 0.0, 0.0, 0.0, 0.0, 0.0, 0.0, 0.0], "theta_percentiles": {"p5": 0.0004572183977719535, "p25": 0.0006646472852283998, "p50": 0.0009408335713489225, "p75": 0.0014254746077842844, "p95": 0.0023783593868223064}}, {"id": 8, "label": "", "description": "", "quality": null, "npmi": null, "pair_coverage": 0.0, "corpus_prevalence": 0.0018487700131129003, "original_topic_id": 8, "theta_histogram": [0.98591, 0.00845, 0.00306, 0.00105, 0.00064, 0.00025, 0.00023, null, null, null, null, null, null, null, null, null, null, null, null, null, 0.0, null, 0.0, 0.0, 0.0, 0.0, 0.0, 0.0, 0.0, 0.0, 0.0, 0.0, 0.0, 0.0, 0.0, 0.0, 0.0, 0.0, 0.0, 0.0, 0.0, 0.0, 0.0, 0.0, 0.0, 0.0, 0.0, 0.0, 0.0, 0.0], "theta_percentiles": {"p5": 0.00047158801710930263, "p25": 0.0006855360520166036, "p50": 0.0009704024171039564, "p75": 0.0014702749211328598, "p95": 0.002712100680524026}}, {"id": 9, "label": "", "description": "", "quality": null, "npmi": null, "pair_coverage": 0.0, "corpus_prevalence": 0.0017228517639523023, "original_topic_id": 9, "theta_histogram": [0.98789, 0.00744, 0.00243, 0.00101, 0.00061, null, null, null, null, null, null, null, null, null, null, null, null, 0.0, 0.0, null, 0.0, 0.0, 0.0, 0.0, 0.0, 0.0, 0.0, 0.0, 0.0, 0.0, 0.0, 0.0, 0.0, 0.0, 0.0, 0.0, 0.0, 0.0, 0.0, 0.0, 0.0, 0.0, 0.0, 0.0, 0.0, 0.0, 0.0, 0.0, 0.0, 0.0], "theta_percentiles": {"p5": 0.0004660515573391811, "p25": 0.0006774878348540413, "p50": 0.0009590098588789675, "p75": 0.0014530138422747343, "p95": 0.0026802605239350592}}, {"id": 10, "label": "", "description": "", "quality": null, "npmi": 0.09388889388017267, "pair_coverage": 0.042105263157894736, "corpus_prevalence": 0.0017185576663984795, "original_topic_id": 10, "theta_histogram": [0.98862, 0.00669, 0.00226, 0.00105, 0.00062, null, null, null, null, null, null, null, null, null, null, null, null, 0.0, 0.0, 0.0, 0.0, 0.0, null, 0.0, null, null, null, 0.0, 0.0, 0.0, 0.0, 0.0, 0.0, 0.0, 0.0, 0.0, 0.0, 0.0, 0.0, 0.0, 0.0, 0.0, 0.0, 0.0, 0.0, 0.0, 0.0, 0.0, 0.0, 0.0], "theta_percentiles": {"p5": 0.00046243635817772645, "p25": 0.0006722325075970237, "p50": 0.0009515707427918117, "p75": 0.0014417426978241847, "p95": 0.0026594695289345683}}, {"id": 11, "label": "", "description": "", "quality": null, "npmi": 0.09975476401682153, "pair_coverage": 0.8736842105263158, "corpus_prevalence": 0.008890659808922778, "original_topic_id": 11, "theta_histogram": [0.89591, 0.03254, 0.02532, 0.0171, 0.01047, 0.00616, 0.00387, 0.00245, 0.00168, 0.00115, 0.00091, 0.00064, 0.00046, 0.00035, 0.00024, 0.00021, null, null, null, null, null, null, null, null, 0.0, null, null, 0.0, 0.0, 0.0, 0.0, 0.0, 0.0, 0.0, 0.0, 0.0, 0.0, 0.0, 0.0, 0.0, 0.0, 0.0, 0.0, 0.0, 0.0, 0.0, 0.0, 0.0, 0.0, 0.0], "theta_percentiles": {"p5": 0.0006979276533666594, "p25": 0.0010520888082806454, "p50": 0.0015899734278423706, "p75": 0.002770205757202256, "p95": 0.05632613152034562}}, {"id": 12, "label": "", "description": "",